School_name,city,zipcode,elementary_school,intermediate_school,middle_school,high_school,school_grade,title_i_status,total_students,african_american,african_american_percent,hispanic,hispanic_percent,native_american,native_american_percent,white,white_percent,multiple_race,multiple_race_percent,asian,asian_percent,pacific_islander,pacific_islander_percent,proficiency_pts,Grad_Rate_pts,Dropout_rate,CCRI_points,promotion_rate,No_of_students_adv_placement_course,Students_with_Chronic_Absenteeism,crime_rate,total_students_bullied,personnel_federal_expenditure,personnel_state_and_local_expenditure,non_personnel_federal_expenditure,non_personnel_state_and_local_expenditure,total_per_pupil_expenditure,acad_focus_1,acad_focus_2,acad_focus_3,acad_focus_4,acad_focus_5
Academy with Community Partners,Mesa,85203,0,0,0,1,4,1,169,13,7.69,92,54.44,10,10.0,42,24.85,10,10.0,10,10.0,0,0.0,2.81,4.36,27.14,31.9,83.58,0.0,79.0,0.0,0.0, 0.00, 10009.70, 0.00, 1006.65, 10028.44,1,1,1,1,1
Accelerated Learning Center,Phoenix,85028,0,0,0,1,5,0,153,10,10.0,27,17.65,10,10.0,111,72.55,10,10.0,0,0.0,0,0.0,5.36,9.78,4.07,35.0,79.5,0.0,171.0,0.0,0.0, 361.34, 7245.17, 47.33, 2374.60, 10028.44,1,1,1,1,1
Agua Fria High School,Avondale,85323,0,0,0,1,4,1,1653,177,10.71,1185,71.69,10,10.0,201,12.16,39,2.36,31,1.88,10,10.0,13.62,10.0,2.97,16.5,98.69,597.0,781.0,48.0,6.0, 1015.26, 8781.97, 133.17, 884.04, 10814.43,1,1,1,1,1
Alhambra High School,Phoenix,85019,0,0,0,1,3,1,2283,235,10.29,1838,80.51,28,1.23,74,3.24,10,10.0,95,4.16,10,10.0,6.62,9.07,7.63,14.4,96.6,223.0,973.0,21.0,0.0, 750.23, 8190.89, 73.03, 183.81, 9197.96,1,1,1,1,1
Apollo High School,Glendale,85302,0,0,0,1,4,1,2198,176,8.01,1582,71.97,10,10.0,268,12.19,58,2.64,88,4.0,10,10.0,15.94,10.0,0.67,20.0,98.75,256.0,847.0,47.0,0.0, 1084.03, 7182.71, 175.34, 783.21, 9225.29,0,0,0,0,0
Arcadia High School,Phoenix,85018,0,0,0,1,5,0,1603,76,4.74,582,36.31,10,10.0,841,52.46,34,2.12,36,2.25,10,10.0,23.09,10.0,1.54,19.8,98.46,329.0,457.0,34.0,0.0, 109.52, 5821.24, 121.39, 487.77, 6539.92,0,0,0,0,0
Arizona Agribusiness & Equine Center - Estrella,Avondale,85007,0,0,0,1,5,1,412,10,10.0,209,50.73,10,10.0,138,33.49,22,5.34,25,6.07,0,0.0,26.36,10.0,0.22,20.0,99.75,0.0,66.0,0.0,0.0, 0.00, 10009.70, 0.00, 1006.65, 10028.44,1,1,1,1,1
Arizona Charter Academy,Surprise,85374,1,1,1,0,5,1,978,91,9.3,664,67.89,0,0.0,167,17.08,47,4.81,10,10.0,10,10.0,18.13,8.84,0.0,20.1,99.69,0.0,302.0,0.0,0.0, 0.00, 10009.70, 0.00, 1006.65, 10028.44,0,0,0,0,0
Arizona Collegiate High School,Phoenix,85017,0,0,0,1,4,1,117,10,10.0,105,89.74,10,10.0,0,0.0,0,0.0,0,0.0,10,10.0,0.29,6.91,20.93,35.0,77.86,0.0,180.0,10.0,0.0, 0.00, 10009.70, 0.00, 1006.65, 10028.44,0,0,0,0,0
Arizona Connections Academy,Gilbert,85297,1,1,1,1,4,1,2568,199,7.75,834,32.48,87,3.39,1179,45.91,226,8.8,29,1.13,14,0.55,12.69,7.98,13.63,6.4,99.38,67.0,0.0,0.0,0.0, 0.00, 10009.70, 0.00, 1006.65, 10028.44,1,1,1,0,1
Arizona Conservatory for Arts and Academics,Phoenix,85053,0,0,0,1,4,1,173,10,10.0,44,25.43,0,0.0,106,61.27,10,10.0,10,10.0,10,10.0,22.65,10.0,7.17,13.8,99.39,6.0,70.0,0.0,0.0, 3398.77, 7471.35, 118.21, 5044.28, 16032.60,1,1,1,1,1
Arizona Insight Academy,Phoenix,85004,0,0,1,1,4,1,1098,107,9.74,433,39.44,32,2.91,451,41.08,62,5.65,10,10.0,10,10.0,3.63,4.86,11.95,24.6,92.86,0.0,0.0,2.0,0.0, 0.00, 10009.70, 0.00, 1006.65, 10028.44,1,1,1,1,1
Arizona Preparatory Academy,Phoenix,85037,0,0,0,1,4,1,1127,90,7.99,586,52.0,73,6.48,349,30.97,16,1.42,13,1.15,0,0.0,0.89,3.43,24.79,35.0,36.27,0.0,128.0,0.0,0.0, 368.64, 2265.10, 244.58, 9654.84, 12533.17,0,0,0,0,0
Arizona Virtual Academy,Phoenix,85004,1,1,1,1,3,1,5110,499,9.77,2045,40.02,161,3.15,1876,36.71,430,8.41,84,1.64,15,0.29,8.81,7.54,8.83,8.6,99.36,3.0,0.0,4.0,1.0, 522.32, 3068.80, 1438.37, 9825.53, 14855.02,1,1,1,1,1
Barry Goldwater High School,Phoenix,85027,0,0,1,1,4,1,1640,129,7.87,704,42.93,43,2.62,621,37.87,77,4.7,51,3.11,15,0.92,15.02,10.0,3.03,18.7,98.8,110.0,855.0,50.0,1.0, 469.71, 5912.69, 163.30, 466.21, 7011.91,1,1,1,1,1
Basha High School,Chandler,85249,1,1,1,1,5,0,2797,133,4.75,489,17.48,10,10.0,1675,59.89,144,5.15,307,10.98,10,10.0,30.0,10.0,1.53,17.1,98.59,901.0,712.0,24.0,1.0, 288.18, 6404.09, 80.45, 767.83, 7540.56,1,1,1,1,1
Benjamin Franklin High School,Queen Creek,85142,0,0,1,1,4,0,1233,31,2.51,208,16.87,10,10.0,895,72.59,60,4.87,32,2.6,10,10.0,19.04,10.0,1.53,17.9,99.92,176.0,131.0,0.0,0.0, 158.27, 4984.99, 48.70, 1027.08, 6219.03,1,1,1,1,1
Betty Fairfax High School,Laveen,85339,0,0,0,1,3,1,1973,408,20.68,1160,58.79,138,6.99,149,7.55,67,3.4,10,10.0,10,10.0,13.08,10.0,4.02,16.1,97.71,71.0,521.0,23.0,1.0, 551.80, 7320.94, 49.79, 321.15, 8243.69,1,1,1,1,1
Bogle Junior High School,Chandler,85248,0,0,1,0,5,0,1141,78,6.84,365,31.99,10,10.0,499,43.73,71,6.22,91,7.97,10,10.0,21.39,8.84,0.0,20.1,99.21,0.0,386.0,38.0,0.0, 170.05, 7350.83, 111.26, 370.30, 8002.45,1,1,1,1,1
Bostrom Alternative Center,Phoenix,85017,0,0,0,1,4,1,289,39,13.49,227,78.55,10,10.0,10,10.0,10,10.0,10,10.0,0,0.0,0.75,5.93,14.14,35.0,78.67,0.0,173.0,11.0,0.0, 851.72, 11863.22, 100.40, 353.82, 13169.16,1,1,1,1,1
Boulder Creek High School,Anthem,85086,0,0,1,1,5,0,2375,38,1.6,347,14.61,10,10.0,1832,77.14,105,4.42,37,1.56,10,10.0,22.19,10.0,1.16,19.0,99.05,474.0,850.0,21.0,0.0, 291.35, 4626.31, 35.38, 236.97, 5190.01,1,1,1,1,1
Buckeye Union High School,Buckeye,85326,0,0,0,1,4,1,1778,122,6.86,1164,65.47,28,1.57,421,23.68,26,1.46,10,10.0,10,10.0,13.88,10.0,2.19,16.2,99.71,10.0,657.0,36.0,0.0, 845.02, 5317.80, 9.69, 171.33, 6343.84,1,1,1,1,1
Cactus High School,Glendale,85306,0,0,1,1,5,0,1144,64,5.59,403,35.23,10,10.0,574,50.17,55,4.81,28,2.45,10,10.0,18.62,10.0,3.44,20.0,99.63,254.0,427.0,3.0,2.0, 701.93, 6948.16, 318.48, 1217.54, 9186.11,0,0,0,0,0
Cactus Shadows High School,Scottsdale,85266,0,0,1,1,5,0,1587,13,0.82,212,13.36,10,10.0,1279,80.59,43,2.71,28,1.76,10,10.0,25.07,10.0,1.38,18.5,99.29,523.0,729.0,8.0,1.0, 9636.75, 122302.14, 4217.27, 21696.21, 157852.38,0,0,0,0,0
Camelback High School,Phoenix,85016,0,0,0,1,3,1,2241,243,10.84,1689,75.37,80,3.57,140,6.25,46,2.05,20,0.89,23,1.03,9.21,9.83,3.87,16.0,98.13,189.0,819.0,38.0,6.0, 665.06, 8196.08, 61.47, 282.56, 9205.18,1,1,1,1,1
Campo Verde High School,Gilbert,85297,0,0,1,1,5,0,1986,54,2.72,449,22.61,10,10.0,1294,65.16,95,4.78,60,3.02,10,10.0,24.36,10.0,1.26,19.5,98.99,410.0,643.0,6.0,0.0, 173.77, 6219.76, 14.37, 341.77, 6749.68,1,1,1,1,1
Carl Hayden High School,Phoenix,85009,0,0,0,1,4,1,2218,86,3.88,2080,93.78,13,0.59,28,1.26,10,10.0,0,0.0,10,10.0,8.04,9.22,5.31,13.6,97.06,195.0,929.0,41.0,0.0, 619.18, 8110.09, 59.87, 293.93, 9083.07,1,1,1,1,1
Centennial High School,Peoria,85381,0,0,1,1,5,0,2007,118,5.88,764,38.07,10,10.0,920,45.84,105,5.23,69,3.44,10,10.0,21.47,10.0,1.01,20.0,99.59,444.0,619.0,6.0,0.0, 262.99, 5362.76, 158.53, 844.56, 6628.85,0,0,0,0,0
Central High School,Phoenix,85012,0,0,0,1,4,1,1901,291,15.31,1279,67.28,119,6.26,116,6.1,49,2.58,10,10.0,10,10.0,9.65,9.09,6.12,16.1,96.18,205.0,740.0,29.0,2.0, 685.07, 8327.90, 113.87, 257.26, 9384.11,1,1,1,1,1
Cesar Chavez High School,Laveen,85339,0,0,0,1,3,1,2724,393,14.43,2055,75.44,78,2.86,94,3.45,64,2.35,10,10.0,10,10.0,8.62,10.0,3.19,14.3,97.67,496.0,776.0,26.0,0.0, 504.77, 7093.59, 32.98, 653.81, 8285.15,1,1,1,1,1
Chandler High School,Chandler,85225,0,0,1,1,4,0,3580,369,10.31,2005,56.01,77,2.15,799,22.32,174,4.86,132,3.69,24,0.67,17.95,10.0,3.68,13.3,97.94,838.0,1686.0,45.0,0.0, 372.08, 6227.94, 110.22, 600.53, 7310.77,1,1,1,1,1
Chandler Online Academy,Chandler,85225,1,1,1,1,4,0,433,31,7.16,115,26.56,10,10.0,207,47.81,30,6.93,39,9.01,10,10.0,17.62,9.26,2.33,13.8,98.56,4.0,0.0,0.0,0.0, 0.00, 10009.70, 0.00, 1006.65, 10028.44,0,0,0,0,0
Chaparral High School,Scottsdale,85253,0,0,0,1,5,0,2038,53,2.6,223,10.94,10,10.0,1545,75.81,66,3.24,137,6.72,10,10.0,26.41,10.0,0.47,20.0,99.01,757.0,331.0,26.0,0.0, 97.95, 5613.02, 15.78, 349.18, 6075.93,0,0,0,0,0
Cooley Middle School,Gilbert,85296,0,0,1,0,4,0,874,71,8.12,231,26.43,10,10.0,474,54.23,47,5.38,37,4.23,10,10.0,19.12,8.84,0.0,20.1,99.89,0.0,254.0,12.0,3.0, 530.77, 7145.26, 113.98, 1166.42, 8956.43,1,1,1,1,1
Copper Canyon High School,Glendale,85305,0,0,0,1,4,1,2157,116,5.38,1860,86.23,24,1.11,100,4.64,32,1.48,10,10.0,10,10.0,11.07,10.0,2.95,18.5,97.94,1578.0,1027.0,70.0,0.0, 843.59, 8110.62, 127.45, 884.25, 9965.91,0,0,0,0,0
Cornerstone Charter School,Phoenix,85021,0,0,0,1,4,0,150,21,14.0,106,70.67,10,10.0,15,10.0,10,10.0,0,0.0,0,0.0,2.33,7.26,24.6,31.7,87.05,0.0,174.0,0.0,0.0, 0.00, 10009.70, 0.00, 1006.65, 10028.44,1,1,1,1,1
Corona Del Sol High School,Tempe,85284,0,0,0,1,5,0,2730,140,5.13,814,29.82,69,2.53,1328,48.65,178,6.52,188,6.89,13,0.48,26.52,10.0,0.84,20.0,98.5,549.0,526.0,48.0,0.0, 156.37, 6452.56, 43.20, 427.59, 7079.71,0,0,0,0,0
Coronado High School,Scottsdale,85257,0,0,0,1,4,1,740,44,5.95,482,65.14,61,8.24,130,17.57,14,1.89,10,10.0,10,10.0,14.55,10.0,2.39,16.8,98.59,83.0,397.0,19.0,0.0, 1016.90, 9089.06, 167.79, 504.99, 10778.74,0,0,0,0,0
Cortez High School,Phoenix,85051,0,0,0,1,5,1,1104,136,12.32,669,60.6,51,4.62,154,13.95,10,10.0,60,5.43,10,10.0,15.3,10.0,1.5,19.6,99.01,127.0,794.0,55.0,0.0, 1616.54, 9666.85, 296.22, 1146.06, 12725.67,0,0,0,0,0
Country Gardens Charter School,Laveen,85339,1,1,1,1,4,1,322,34,10.56,183,56.83,10,10.0,88,27.33,10,10.0,10,10.0,0,0.0,12.5,8.84,11.32,20.0,98.36,0.0,50.0,5.0,0.0, 0.00, 10009.70, 0.00, 1006.65, 10028.44,1,1,1,1,1
Crestview College Preparatory High School,Phoenix,85032,0,0,0,1,4,1,246,21,8.54,190,77.24,10,10.0,21,8.54,10,10.0,0,0.0,10,10.0,1.26,5.36,29.88,35.0,87.23,0.0,315.0,1.0,0.0, 1755.96, 3845.01, 1320.03, 3927.02, 10848.02,1,1,1,1,1
Crown Point High School,Phoenix,85033,0,0,0,1,5,0,35,10,10.0,10,10.0,0,0.0,0,0.0,0,0.0,0,0.0,0,0.0,15.46,3.0,11.29,35.0,65.0,0.0,38.0,0.0,0.0, 0.00, 10009.70, 0.00, 1006.65, 10028.44,0,0,0,0,0
Deer Valley Academy,Glendale,85308,0,0,0,1,4,0,25,10,10.0,10,10.0,10,10.0,11,44.0,0,0.0,0,0.0,0,0.0,15.46,8.84,20.0,20.1,75.68,0.0,55.0,0.0,0.0, 0.00, 10009.70, 0.00, 1006.65, 10028.44,1,1,1,1,1
Deer Valley High School,Glendale,85308,0,0,1,1,5,0,1634,103,6.3,525,32.13,10,10.0,867,53.06,86,5.26,34,2.08,10,10.0,17.6,10.0,1.54,17.5,99.02,201.0,574.0,38.0,5.0, 482.86, 5840.16, 63.48, 241.72, 6628.22,1,1,1,1,1
Deer Valley Middle School,Phoenix,85027,0,0,1,0,2,1,538,47,8.74,257,47.77,19,3.53,183,34.02,22,4.09,10,10.0,10,10.0,8.87,8.84,0.0,20.1,100.0,0.0,267.0,38.0,2.0, 813.99, 5497.33, 36.73, 559.21, 6907.25,1,1,1,1,1
Desert Edge High School,Goodyear,85338,0,0,0,1,4,1,1993,264,13.25,1151,57.75,11,0.55,408,20.47,95,4.77,53,2.66,11,0.55,14.81,10.0,2.62,16.0,99.29,535.0,521.0,39.0,7.0, 622.16, 7369.12, 85.19, 1006.65, 9083.12,1,1,1,1,1
Desert Foothills Middle School,Phoenix,85053,0,0,1,0,4,1,632,56,8.86,287,45.41,15,2.37,238,37.66,21,3.32,10,10.0,10,10.0,13.42,8.84,0.0,20.1,100.0,0.0,189.0,36.0,35.0, 1281.61, 7263.07, 854.19, 984.98, 10383.86,1,1,1,0,1
Desert Hills High School,Gilbert,85296,0,0,0,1,4,1,264,19,7.2,102,38.64,34,12.88,96,36.36,11,4.17,10,10.0,10,10.0,4.09,5.46,17.16,32.5,82.53,0.0,303.0,6.0,0.0, 1386.01, 4591.62, 730.66, 4705.69, 11413.97,1,1,1,1,1
Desert Marigold School,Phoenix,85042,1,1,1,1,4,0,303,10,10.0,70,23.1,0,0.0,184,60.73,34,11.22,10,10.0,0,0.0,12.88,8.84,0.0,12.5,100.0,0.0,50.0,0.0,4.0, 126.97, 7873.51, 379.75, 2223.93, 10604.16,0,0,0,0,0
Desert Mountain High School,Scottsdale,85259,0,0,0,1,5,0,1880,60,3.19,176,9.36,10,10.0,1353,71.97,49,2.61,218,11.6,10,10.0,27.74,10.0,1.0,20.0,98.7,478.0,381.0,26.0,1.0, 75.39, 5688.42, 8.60, 320.21, 6092.62,0,0,0,0,0
Desert Vista High School,Phoenix,85048,0,0,0,1,5,0,2953,199,6.74,738,24.99,10,10.0,1544,52.29,209,7.08,197,6.67,10,10.0,28.25,10.0,1.34,20.0,99.11,561.0,454.0,29.0,0.0, 190.28, 5931.35, 37.65, 455.21, 6614.49,0,0,0,0,0
Dobson High School,Mesa,85202,0,0,0,1,4,0,2370,190,8.02,1251,52.78,145,6.12,622,26.25,74,3.12,54,2.28,34,1.44,12.71,9.81,3.95,17.3,97.74,788.0,1181.0,29.0,2.0, 0.00, 10009.70, 0.00, 1006.65, 10028.44,0,0,0,0,0
Dr. Camille Casteel High School,Queen Creek,85142,0,0,1,1,5,0,3126,92,2.94,586,18.75,10,10.0,2193,70.15,159,5.09,74,2.37,10,10.0,19.61,10.0,1.25,17.2,99.68,295.0,1098.0,31.0,0.0, 202.13, 6274.55, 109.44, 553.77, 7139.89,1,1,1,1,1
Dysart High School,El Mirage,85335,0,0,1,1,5,1,1427,126,8.83,867,60.76,10,10.0,316,22.14,55,3.85,41,2.87,10,10.0,18.0,10.0,2.34,12.9,99.78,197.0,650.0,134.0,0.0, 910.29, 7502.56, 695.22, 1523.20, 10631.27,0,0,0,0,0
Eagleridge Enrichment Program,Mesa,85210,1,1,1,1,2,0,645,10,10.0,91,14.11,10,10.0,500,77.52,26,4.03,16,2.48,0,0.0,3.42,8.84,0.0,20.1,100.0,0.0,15.0,0.0,0.0, 0.00, 10009.70, 0.00, 1006.65, 10028.44,0,0,0,0,0
East Valley Academy,Mesa,85201,0,0,0,1,3,0,307,13,4.24,230,74.92,24,7.82,33,10.75,10,10.0,0,0.0,10,10.0,0.39,4.49,26.75,20.8,81.69,0.0,260.0,5.0,0.0, 0.00, 10009.70, 0.00, 1006.65, 10028.44,1,1,1,1,1
East Valley High School,Mesa,85207,0,0,0,1,4,1,156,10,10.0,81,51.92,10,10.0,49,31.41,11,7.05,10,10.0,0,0.0,3.67,8.28,20.41,27.1,98.81,0.0,0.0,2.0,0.0, 0.00, 10009.70, 0.00, 1006.65, 10028.44,0,0,0,0,0
Estrella Foothills High School,Goodyear,85338,0,0,0,1,5,0,1397,68,4.87,643,46.03,10,10.0,596,42.66,60,4.29,13,0.93,10,10.0,20.19,10.0,1.35,19.0,99.7,87.0,218.0,12.0,6.0, 122.00, 4964.77, 4.64, 213.38, 5304.79,1,1,1,1,1
Estrella High School,Avondale,85323,0,0,0,1,4,1,112,18,16.07,78,69.64,10,10.0,10,10.0,10,10.0,10,10.0,10,10.0,1.17,4.3,24.9,32.8,82.01,0.0,245.0,15.0,1.0, 3331.00, 5078.73, 1700.92, 7133.75, 17244.41,1,1,1,1,1
Fountain Hills High School,Fountain Hills,85268,0,0,0,1,5,0,467,10,10.0,57,12.21,61,13.06,299,64.03,31,6.64,10,10.0,0,0.0,21.56,10.0,1.86,15.5,98.46,76.0,157.0,3.0,0.0, 553.33, 7068.73, 865.75, 2047.65, 10535.45,0,0,0,0,0
Franklin Junior High School,Mesa,85206,0,0,1,0,5,0,269,10,10.0,64,23.79,10,10.0,187,69.52,10,10.0,10,10.0,0,0.0,30.0,8.84,0.0,20.1,100.0,0.0,21.0,0.0,0.0, 0.00, 10009.70, 0.00, 1006.65, 10028.44,0,0,0,0,0
Franklin Police and Fire High School,Phoenix,85007,0,0,0,1,5,1,321,10,10.0,301,93.77,10,10.0,10,10.0,10,10.0,10,10.0,0,0.0,17.76,10.0,0.0,20.0,99.68,23.0,40.0,2.0,0.0, 271.15, 10436.27, 140.73, 381.39, 11229.54,1,1,1,1,1
Fremont Junior High School,Mesa,85205,0,0,1,0,5,1,986,36,3.65,384,38.95,12,1.22,512,51.93,30,3.04,10,10.0,10,10.0,18.58,8.84,0.0,20.1,100.0,0.0,477.0,62.0,10.0, 0.00, 10009.70, 0.00, 1006.65, 10028.44,0,0,0,0,0
Gateway Early College High School,Phoenix,85034,0,0,0,1,5,1,333,55,16.52,264,79.28,10,10.0,10,10.0,10,10.0,10,10.0,10,10.0,15.88,10.0,0.29,19.2,100.0,18.0,42.0,0.0,0.0, 0.00, 10009.70, 0.00, 1006.65, 10028.44,1,1,1,1,1
Gila Bend High School,Gila Bend,85337,0,0,0,1,1,1,156,10,10.0,105,67.31,40,25.64,10,10.0,10,10.0,0,0.0,0,0.0,3.86,7.42,5.26,0.0,95.95,0.0,106.0,1.0,4.0, 975.71, 4800.69, 129.53, 110.77, 6016.69,0,0,0,0,0
Gilbert High School,Gilbert,85234,0,0,1,1,4,0,2350,90,3.83,733,31.19,10,10.0,1262,53.7,136,5.79,87,3.7,10,10.0,27.87,10.0,2.56,20.0,98.02,486.0,932.0,13.0,2.0, 185.20, 6509.50, 21.29, 247.04, 6963.04,1,1,1,1,1
Girls Leadership Academy of Arizona,Phoenix,85013,0,0,0,1,3,1,74,10,10.0,57,77.03,10,10.0,10,10.0,10,10.0,10,10.0,0,0.0,7.25,10.0,9.17,16.0,98.53,0.0,29.0,0.0,0.0, 0.00, 10009.70, 0.00, 1006.65, 10028.44,0,0,0,0,0
Glendale High School,Glendale,85301,0,0,0,1,4,1,1816,167,9.2,1375,75.72,41,2.26,156,8.59,10,10.0,41,2.26,10,10.0,15.05,10.0,2.11,19.9,98.64,255.0,1312.0,55.0,0.0, 0.00, 10009.70, 0.00, 1006.65, 10028.44,0,0,0,0,0
Glenview College Preparatory High School,Phoenix,85020,0,0,0,1,5,1,523,25,4.78,457,87.38,10,10.0,18,3.44,11,2.1,10,10.0,10,10.0,21.34,10.0,0.84,20.0,100.0,0.0,406.0,0.0,0.0, 1257.39, 3476.52, 809.04, 4576.44, 10119.39,1,1,1,1,1
Great Hearts Academies - Anthem Prep,Anthem,85086,1,1,1,1,5,0,1029,10,10.0,157,15.26,10,10.0,688,66.86,80,7.78,86,8.36,0,0.0,28.19,10.0,1.13,17.0,99.12,0.0,116.0,1.0,4.0, 0.00, 10009.70, 0.00, 1006.65, 10028.44,0,0,0,0,0
Great Hearts Academies - Archway Chandler,Chandler,85224,1,1,1,1,5,0,532,10,10.0,100,18.8,10,10.0,254,47.74,58,10.9,93,17.48,0,0.0,30.0,8.84,0.0,20.1,99.25,0.0,31.0,0.0,0.0, 0.00, 10009.70, 0.00, 1006.65, 10028.44,0,0,0,0,0
Great Hearts Academies - Archway Veritas,Phoenix,85018,1,1,1,1,5,0,716,12,1.68,126,17.6,10,10.0,480,67.04,58,8.1,37,5.17,10,10.0,28.91,8.84,0.0,20.1,99.44,0.0,63.0,0.0,0.0, 0.00, 10009.70, 0.00, 1006.65, 10028.44,0,0,0,0,0
Great Hearts Academies - Arete Prep,Gilbert,85234,0,0,1,1,5,0,559,29,5.19,144,25.76,10,10.0,303,54.2,36,6.44,45,8.05,10,10.0,19.52,10.0,0.33,18.2,97.27,0.0,47.0,0.0,14.0, 0.00, 10009.70, 0.00, 1006.65, 10028.44,0,0,0,0,0
Great Hearts Academies - Chandler Prep,Chandler,85225,0,0,1,1,5,0,712,43,6.04,116,16.29,10,10.0,347,48.74,64,8.99,130,18.26,10,10.0,27.37,10.0,1.55,19.2,99.28,0.0,106.0,0.0,3.0, 0.00, 10009.70, 0.00, 1006.65, 10028.44,0,0,0,0,0
Great Hearts Academies - Cicero Prep,Scottsdale,85258,0,0,1,1,5,0,502,15,2.99,92,18.33,10,10.0,326,64.94,43,8.57,18,3.59,10,10.0,23.8,8.84,6.5,17.6,100.0,0.0,119.0,0.0,0.0, 0.00, 10009.70, 0.00, 1006.65, 10028.44,0,0,0,0,0
Great Hearts Academies - Glendale Prep,Peoria,85383,0,0,1,1,5,0,610,12,1.97,89,14.59,10,10.0,389,63.77,32,5.25,80,13.12,10,10.0,23.75,10.0,0.9,19.0,100.0,0.0,13.0,0.0,0.0, 0.00, 10009.70, 0.00, 1006.65, 10028.44,0,0,0,0,0
Great Hearts Academies - Lincoln Prep,Chandler,85286,0,0,1,1,3,0,535,36,6.73,75,14.02,10,10.0,251,46.92,46,8.6,123,22.99,10,10.0,20.11,8.84,1.11,17.4,99.25,0.0,112.0,0.0,2.0, 0.00, 10009.70, 0.00, 1006.65, 10028.44,0,0,0,0,0
Great Hearts Academies - North Phoenix Prep,Phoenix,85022,0,0,1,1,5,0,522,16,3.06,116,22.22,10,10.0,296,56.7,29,5.56,61,11.69,10,10.0,25.63,10.0,9.82,18.3,96.44,0.0,101.0,0.0,0.0, 0.00, 10009.70, 0.00, 1006.65, 10028.44,0,0,0,0,0
Great Hearts Academies - Scottsdale Prep,Scottsdale,85260,0,1,1,1,5,0,875,10,10.0,94,10.74,10,10.0,596,68.11,42,4.8,136,15.54,10,10.0,27.36,10.0,6.99,19.9,99.76,0.0,140.0,0.0,0.0, 0.00, 10009.70, 0.00, 1006.65, 10028.44,0,0,0,0,0
Great Hearts Academies - Trivium Prep,Goodyear,85395,0,0,1,1,5,0,894,55,6.15,316,35.35,10,10.0,355,39.71,69,7.72,89,9.96,10,10.0,24.85,10.0,1.18,18.0,99.32,0.0,152.0,0.0,0.0, 0.00, 10009.70, 0.00, 1006.65, 10028.44,0,0,0,0,0
Great Hearts Academies - Veritas Prep,Phoenix,85018,0,0,1,1,4,0,802,20,2.49,179,22.32,10,10.0,498,62.09,53,6.61,44,5.49,10,10.0,23.91,10.0,0.69,18.1,98.48,0.0,188.0,0.0,10.0, 0.00, 10009.70, 0.00, 1006.65, 10028.44,0,0,0,0,0
Greenfield Junior High School,Gilbert,85296,0,0,1,0,4,0,1202,10,10.0,278,23.13,10,10.0,808,67.22,63,5.24,29,2.41,0,0.0,21.53,8.84,0.0,20.1,100.0,0.0,325.0,26.0,5.0, 203.18, 5744.07, 414.38, 152.58, 6514.21,1,1,1,1,1
Greenway High School,Phoenix,85053,0,0,0,1,5,1,1346,98,7.28,554,41.16,10,10.0,567,42.13,48,3.57,51,3.79,10,10.0,20.44,10.0,0.97,20.0,98.22,182.0,606.0,56.0,0.0, 1484.41, 9624.00, 245.65, 1184.33, 12538.39,0,0,0,0,0
Greenway Middle School,Phoenix,85032,0,0,1,0,3,1,418,20,4.79,352,84.21,10,10.0,26,6.22,10,10.0,10,10.0,0,0.0,7.84,8.84,0.0,20.1,100.0,0.0,277.0,46.0,0.0, 1343.71, 8703.91, 190.90, 1578.40, 11816.90,1,1,1,1,1
Hamilton High School,Chandler,85248,0,0,1,1,5,0,3828,302,7.89,821,21.45,10,10.0,1665,43.49,229,5.98,716,18.7,10,10.0,27.28,10.0,2.86,16.4,99.03,1336.0,1455.0,37.0,7.0, 238.96, 6331.79, 73.59, 749.36, 7393.70,0,0,0,0,0
Heritage Academy,Mesa,85210,0,0,1,1,5,0,782,10,10.0,204,26.09,10,10.0,551,70.46,14,1.79,10,10.0,10,10.0,20.51,10.0,0.92,20.0,98.69,53.0,88.0,0.0,1.0, 0.00, 10009.70, 0.00, 1006.65, 10028.44,1,1,1,1,1
Heritage Academy Laveen,Laveen,85339,0,0,1,1,4,0,650,52,8.0,351,54.0,10,10.0,191,29.39,24,3.69,23,3.54,10,10.0,16.91,10.0,0.2,20.0,99.37,71.0,171.0,0.0,4.0, 0.00, 10009.70, 0.00, 1006.65, 10028.44,1,1,1,1,1
Highland High School,Gilbert,85234,0,0,1,1,5,0,3168,62,1.96,617,19.48,27,0.85,2188,69.07,147,4.64,105,3.31,22,0.69,24.02,10.0,2.06,19.2,98.49,655.0,1171.0,17.0,3.0, 132.62, 5695.06, 42.98, 236.94, 6107.61,0,0,0,0,0
Highland Jr High School,Mesa,85212,0,0,1,0,4,0,979,24,2.45,210,21.45,10,10.0,628,64.15,58,5.92,34,3.47,10,10.0,21.44,8.84,0.0,20.1,100.0,0.0,296.0,27.0,19.0, 217.98, 6425.71, 206.42, 30.61, 6880.72,1,1,1,1,1
Higley High School,Gilbert,85295,0,0,1,1,5,0,2137,91,4.26,434,20.31,10,10.0,1414,66.17,109,5.1,66,3.09,10,10.0,26.16,10.0,0.65,18.0,99.72,513.0,851.0,5.0,0.0, 467.24, 6418.77, 119.98, 1047.59, 8053.58,0,0,0,0,0
Hillcrest Middle School,Glendale,85310,0,0,1,0,5,0,898,19,2.12,123,13.7,10,10.0,684,76.17,35,3.9,30,3.34,10,10.0,26.28,8.84,0.0,20.1,99.78,0.0,275.0,23.0,19.0, 384.90, 4950.33, 28.41, 224.27, 5587.91,1,1,1,1,1
Hope High School,Phoenix,85043,0,0,0,1,4,1,141,28,19.86,97,68.79,10,10.0,10,10.0,10,10.0,10,10.0,0,0.0,1.9,5.08,19.82,31.8,77.84,0.0,224.0,17.0,0.0, 0.00, 10009.70, 0.00, 1006.65, 10028.44,0,0,0,0,0
Hope High School Online,Glendale,85306,0,0,0,1,4,0,466,30,6.44,178,38.2,10,10.0,221,47.42,23,4.94,10,10.0,0,0.0,15.46,8.84,15.86,20.1,88.48,0.0,0.0,0.0,0.0, 0.00, 10009.70, 0.00, 1006.65, 10028.44,0,0,0,0,0
Horizon High School,Scottsdale,85254,0,0,1,1,5,0,1912,38,1.99,275,14.38,10,10.0,1420,74.27,109,5.7,45,2.35,10,10.0,29.94,10.0,0.99,18.1,98.8,472.0,265.0,21.0,0.0, 497.91, 6246.83, 78.32, 956.86, 7779.92,1,1,1,1,1
Imagine Prep Surprise,Surprise,85379,0,0,0,1,4,1,290,10,10.0,98,33.79,0,0.0,145,50.0,21,7.24,10,10.0,0,0.0,17.36,10.0,2.28,15.1,99.65,0.0,54.0,0.0,0.0, 0.00, 10009.70, 0.00, 1006.65, 10028.44,0,0,0,0,0
Independence High School,Glendale,85303,0,0,0,1,4,1,2041,150,7.35,1604,78.59,10,10.0,166,8.13,20,0.98,79,3.87,10,10.0,16.95,10.0,1.9,18.5,98.77,289.0,1174.0,36.0,0.0, 898.21, 7085.61, 202.60, 774.49, 8960.91,0,0,0,0,0
Intelli-School,Chandler,85225,0,0,0,1,4,1,51,10,10.0,38,74.51,0,0.0,10,10.0,10,10.0,0,0.0,0,0.0,15.46,8.84,31.25,20.1,77.19,0.0,101.0,0.0,0.0, 0.00, 10009.70, 0.00, 1006.65, 10028.44,0,0,0,0,0
Intelli-School - Metro Center,Phoenix,85029,0,0,0,1,4,1,54,10,10.0,29,53.7,10,10.0,18,33.33,0,0.0,10,10.0,0,0.0,3.03,2.93,29.08,35.0,75.0,0.0,116.0,0.0,0.0, 0.00, 10009.70, 0.00, 1006.65, 10028.44,0,0,0,0,0
Intelli-School - Paradise Valley,Phoenix,85022,0,0,0,1,4,1,62,0,0.0,10,10.0,0,0.0,30,48.39,10,10.0,0,0.0,0,0.0,4.65,4.38,24.43,33.6,89.47,0.0,107.0,0.0,0.0, 0.00, 10009.70, 0.00, 1006.65, 10028.44,0,0,0,0,0
Intelli-School Glendale,Glendale,85306,0,0,0,1,4,1,54,10,10.0,15,27.78,10,10.0,32,59.26,10,10.0,10,10.0,0,0.0,15.46,3.78,23.64,35.0,89.58,0.0,102.0,0.0,0.0, 0.00, 10009.70, 0.00, 1006.65, 10028.44,0,0,0,0,0
International Commerce High School - Phoenix,Phoenix,85014,0,0,0,1,5,0,200,23,11.5,153,76.5,10,10.0,12,6.0,10,10.0,0,0.0,0,0.0,15.46,6.46,21.4,34.8,75.23,0.0,2.0,0.0,0.0, 424.07, 8353.64, 21.21, 4783.81, 13582.73,1,1,1,1,1
International Commerce High School - Tempe,Tempe,85282,0,0,0,1,5,0,253,24,9.49,163,64.43,16,6.32,33,13.04,10,10.0,0,0.0,10,10.0,3.17,7.71,17.23,34.6,81.38,0.0,1.0,0.0,0.0, 0.00, 10009.70, 0.00, 1006.65, 10028.44,1,1,1,1,1
Ironwood High School,Glendale,85304,0,0,1,1,5,0,1922,131,6.82,825,42.92,10,10.0,756,39.33,103,5.36,84,4.37,10,10.0,19.05,10.0,2.13,20.0,99.51,258.0,671.0,5.0,0.0, 411.09, 6035.92, 278.10, 760.67, 7485.79,0,0,0,0,0
James Madison Preparatory School,Tempe,85283,0,0,1,1,3,0,156,10,10.0,36,23.08,10,10.0,98,62.82,10,10.0,10,10.0,10,10.0,13.96,10.0,0.0,0.0,98.6,5.0,40.0,0.0,2.0, 0.00, 10009.70, 0.00, 1006.65, 10028.44,0,0,0,0,0
Jefferson Preparatory High School,Glendale,85306,0,0,0,1,5,0,57,10,10.0,10,10.0,0,0.0,33,57.9,10,10.0,10,10.0,10,10.0,25.89,8.84,3.15,16.0,96.15,0.0,8.0,0.0,0.0, 0.00, 15774.08, 0.00, 652.30, 16426.38,0,0,0,0,0
Keystone Montessori Charter School,Phoenix,85048,1,1,1,1,4,0,177,10,10.0,57,32.2,0,0.0,86,48.59,12,6.78,12,6.78,10,10.0,22.98,8.84,0.0,20.1,100.0,0.0,23.0,0.0,0.0, 0.00, 10009.70, 0.00, 1006.65, 10028.44,0,0,0,0,0
Kino Junior High School,Mesa,85203,0,0,1,0,2,1,915,46,5.03,702,76.72,62,6.78,79,8.63,10,10.0,0,0.0,10,10.0,5.61,8.84,0.0,20.1,96.36,0.0,587.0,67.0,9.0, 0.00, 10009.70, 0.00, 1006.65, 10028.44,1,1,1,1,1
La Joya Community High School,Avondale,85353,0,0,0,1,4,1,2078,188,9.05,1694,81.52,22,1.06,98,4.72,50,2.41,10,10.0,10,10.0,11.72,10.0,3.55,16.0,97.29,1702.0,1148.0,81.0,0.0, 843.99, 8016.18, 91.63, 849.17, 9800.96,0,0,0,0,0
Leading Edge Academy Gilbert Early College,Gilbert,85233,0,0,0,1,4,1,219,20,9.13,66,30.14,10,10.0,112,51.14,12,5.48,10,10.0,10,10.0,18.81,10.0,12.69,16.2,100.0,0.0,59.0,0.0,0.0, 389.75, 5430.41, 605.09, 3697.87, 10123.13,1,1,1,1,1
Learning Foundation,Mesa,85203,1,1,1,1,2,1,190,18,9.47,111,58.42,10,10.0,44,23.16,15,7.89,10,10.0,0,0.0,9.72,8.84,0.0,20.1,94.35,0.0,25.0,7.0,0.0, 0.00, 10009.70, 0.00, 1006.65, 10028.44,0,0,0,0,0
Learning Foundation and Performing Arts Gilbert,Gilbert,85296,0,0,1,1,4,1,396,61,15.4,108,27.27,10,10.0,183,46.21,36,9.09,10,10.0,10,10.0,13.38,10.0,0.92,1.7,99.46,0.0,173.0,0.0,1.0, 956.42, 10220.32, 186.47, 3224.57, 14587.77,0,0,0,0,0
Madison Highland Prep,Phoenix,85014,0,0,0,1,5,1,456,19,4.17,240,52.63,10,10.0,157,34.43,21,4.61,10,10.0,10,10.0,22.89,10.0,0.0,20.0,100.0,132.0,38.0,0.0,0.0, 0.00, 10009.70, 0.00, 1006.65, 10028.44,1,1,1,1,1
Marcos De Niza High School,Tempe,85283,0,0,0,1,4,1,1517,145,9.56,825,54.38,177,11.67,262,17.27,63,4.15,35,2.31,10,10.0,14.76,9.95,3.92,16.9,95.23,153.0,651.0,85.0,0.0, 642.00, 8310.32, 191.91, 512.80, 9657.02,0,0,0,0,0
Maryvale High School,Phoenix,85033,0,0,0,1,3,1,2795,122,4.37,2549,91.2,23,0.82,63,2.25,22,0.79,10,10.0,10,10.0,7.1,9.46,4.45,15.0,95.92,291.0,1030.0,24.0,0.0, 521.58, 7780.14, 49.51, 186.21, 8537.44,1,1,1,1,1
Mcclintock High School,Tempe,85282,0,0,0,1,5,1,1947,267,13.71,945,48.54,89,4.57,469,24.09,98,5.03,45,2.31,34,1.75,19.26,10.0,3.66,19.0,97.73,182.0,787.0,74.0,0.0, 361.71, 7148.69, 119.96, 507.68, 8138.04,1,1,1,1,1
Mesa Academy for Advanced Studies,Mesa,85207,0,1,1,1,5,0,409,10,10.0,86,21.03,10,10.0,275,67.24,24,5.87,11,2.69,0,0.0,30.0,8.84,0.0,20.1,100.0,0.0,33.0,6.0,0.0, 0.00, 10009.70, 0.00, 1006.65, 10028.44,1,1,1,1,1
Mesa Distance Learning Program,Mesa,85203,1,1,1,1,3,0,107,10,10.0,38,35.51,10,10.0,58,54.21,10,10.0,10,10.0,0,0.0,21.42,0.0,12.78,20.1,86.6,0.0,0.0,0.0,0.0, 0.00, 10009.70, 0.00, 1006.65, 10028.44,1,1,1,1,1
Mesa High School,Mesa,85204,0,0,0,1,4,0,3475,142,4.09,2417,69.55,68,1.96,744,21.41,67,1.93,16,0.46,21,0.6,11.8,9.66,5.98,17.0,98.18,701.0,1863.0,50.0,1.0, 0.00, 10009.70, 0.00, 1006.65, 10028.44,1,1,1,1,1
Mesquite High School,Gilbert,85233,0,0,1,1,4,0,1425,82,5.75,563,39.51,10,10.0,611,42.88,83,5.83,50,3.51,10,10.0,17.77,10.0,3.54,18.7,96.97,367.0,659.0,25.0,2.0, 178.17, 6691.29, 23.30, 309.20, 7201.96,0,0,0,0,0
Mesquite Jr High School,Gilbert,85233,0,0,1,0,3,0,807,47,5.82,351,43.49,22,2.73,325,40.27,46,5.7,10,10.0,10,10.0,13.9,8.84,0.0,20.1,100.0,0.0,404.0,58.0,6.0, 637.55, 6858.95, 485.52, 283.66, 8265.69,1,1,1,1,1
Metro Tech High School,Phoenix,85015,0,0,0,1,5,1,1804,23,1.27,1735,96.17,10,10.0,29,1.61,0,0.0,10,10.0,0,0.0,16.14,10.0,0.28,20.0,99.2,221.0,164.0,4.0,0.0, 597.81, 8631.97, 225.29, 711.50, 10166.56,1,1,1,1,1
Metropolitan Arts Institute,Phoenix,85007,0,0,1,1,4,0,250,19,7.6,109,43.6,10,10.0,99,39.6,15,6.0,10,10.0,10,10.0,19.52,10.0,0.0,14.0,100.0,0.0,58.0,4.0,0.0, 0.00, 10009.70, 0.00, 1006.65, 10028.44,1,1,1,1,1
Millennium High School,Goodyear,85395,0,0,0,1,5,0,2121,196,9.24,850,40.08,34,1.6,768,36.21,118,5.56,145,6.84,10,10.0,21.89,10.0,1.05,18.3,99.14,549.0,509.0,40.0,8.0, 592.50, 7934.03, 79.54, 1097.73, 9703.80,0,0,0,0,0
Moon Valley High School,Phoenix,85029,0,0,0,1,4,1,1488,123,8.27,784,52.69,10,10.0,434,29.17,57,3.83,53,3.56,10,10.0,17.08,10.0,1.82,20.0,99.06,274.0,758.0,36.0,0.0, 1321.45, 8532.01, 256.47, 1293.12, 11403.05,0,0,0,0,0
Mountain Pointe High School,Phoenix,85044,0,0,0,1,4,1,1713,456,26.62,639,37.3,88,5.14,371,21.66,110,6.42,10,10.0,10,10.0,17.61,10.0,3.18,20.0,97.78,588.0,825.0,84.0,0.0, 370.73, 7587.19, 130.82, 538.24, 8626.98,0,0,0,0,0
Mountain Ridge High School,Glendale,85310,0,0,1,1,5,0,2770,59,2.13,360,13.0,10,10.0,1868,67.44,128,4.62,339,12.24,10,10.0,23.99,10.0,0.23,19.9,99.52,542.0,588.0,22.0,0.0, 295.66, 4551.02, 43.93, 301.71, 5192.31,1,1,1,1,1
Mountain Sky Middle School,Phoenix,85023,0,0,1,0,4,1,713,49,6.87,298,41.8,10,10.0,304,42.64,35,4.91,10,10.0,0,0.0,15.28,8.84,0.0,20.1,100.0,0.0,203.0,24.0,1.0, 939.88, 6808.96, 925.35, 1030.20, 9704.38,1,1,1,0,1
Mountain Trail Middle School,Phoenix,85024,0,0,1,0,5,0,680,20,2.94,187,27.5,10,10.0,394,57.94,50,7.35,19,2.79,10,10.0,21.84,8.84,0.0,20.1,100.0,0.0,162.0,20.0,0.0, 968.63, 6650.79, 114.73, 1549.92, 9284.07,1,1,1,1,1
New School for the Arts,Tempe,85281,0,0,0,1,3,0,204,10,10.0,47,23.04,10,10.0,123,60.29,15,7.35,10,10.0,10,10.0,19.58,10.0,2.58,0.0,99.47,1.0,5.0,0.0,0.0, 0.00, 10009.70, 0.00, 1006.65, 10028.44,0,0,0,0,0
New World Educational Center,Phoenix,85014,1,1,1,1,4,1,173,10,10.0,150,86.7,10,10.0,10,10.0,10,10.0,0,0.0,0,0.0,14.06,8.84,0.0,20.1,100.0,0.0,45.0,0.0,0.0, 0.00, 10009.70, 0.00, 1006.65, 10028.44,0,0,0,0,0
North Canyon High School,Phoenix,85024,0,0,1,1,4,1,1842,146,7.93,1142,62.0,32,1.74,411,22.31,76,4.13,10,10.0,10,10.0,13.35,10.0,2.0,11.6,97.04,431.0,705.0,50.0,1.0, 801.86, 6870.59, 125.96, 1341.59, 9139.99,1,1,1,1,1
North High School,Phoenix,85014,0,0,0,1,3,1,2135,168,7.87,1758,82.34,56,2.62,91,4.26,35,1.64,10,10.0,10,10.0,8.95,10.0,6.51,15.0,96.7,209.0,857.0,27.0,0.0, 525.28, 8263.22, 59.89, 260.15, 9108.54,1,1,1,1,1
North Pointe Preparatory,Phoenix,85051,0,0,1,1,3,0,435,25,5.75,247,56.78,10,10.0,115,26.44,23,5.29,10,10.0,0,0.0,12.29,10.0,5.13,0.0,96.65,198.0,188.0,8.0,1.0, 0.00, 10009.70, 0.00, 1006.65, 10028.44,0,0,0,0,0
Odyssey Institute for Advanced and International Studies,Buckeye,85326,0,0,1,1,4,0,1762,112,6.36,754,42.79,10,10.0,756,42.91,87,4.94,29,1.65,10,10.0,13.61,10.0,0.17,17.9,99.94,0.0,404.0,0.0,0.0, 60.91, 4056.08, 80.14, 1012.80, 5209.93,0,0,0,0,0
Ombudsman - Charter East,Phoenix,85018,0,0,0,1,4,0,85,10,10.0,63,74.12,10,10.0,10,10.0,10,10.0,0,0.0,0,0.0,1.12,6.1,20.34,35.0,65.05,0.0,162.0,0.0,0.0, 544.11, 2937.45, 148.30, 4393.00, 8022.87,0,0,0,0,0
Ombudsman - Charter East II,Phoenix,85018,0,0,0,1,4,0,87,10,10.0,63,72.41,10,10.0,10,10.0,0,0.0,0,0.0,0,0.0,15.46,8.84,29.14,20.1,65.67,0.0,161.0,0.0,0.0, 506.67, 3993.73, 119.30, 5651.51, 10271.21,0,0,0,0,0
Ombudsman - Charter Metro,Phoenix,85051,0,0,0,1,4,0,232,38,16.38,144,62.07,10,10.0,35,15.09,0,0.0,10,10.0,10,10.0,1.14,4.04,30.67,33.0,77.45,0.0,0.0,0.0,0.0, 584.14, 2557.36, 168.68, 2418.85, 5729.03,0,0,0,0,0
Ombudsman - Charter Northeast,Phoenix,85032,0,0,0,1,4,0,98,10,10.0,50,51.02,17,17.35,17,17.35,10,10.0,0,0.0,0,0.0,3.38,6.0,30.15,35.0,75.29,0.0,128.0,1.0,0.0, 384.29, 3829.46, 131.06, 4786.93, 9131.74,0,0,0,0,0
Ombudsman - Charter Northwest,Peoria,85345,0,0,0,1,4,0,142,16,11.27,78,54.93,10,10.0,41,28.87,10,10.0,0,0.0,10,10.0,1.78,5.16,15.02,34.2,70.55,0.0,0.0,0.0,0.0, 110.27, 3811.94, 258.54, 4147.09, 8327.84,0,0,0,0,0
Ombudsman - Charter West,Glendale,85308,0,0,0,1,4,0,118,17,14.41,39,33.05,0,0.0,59,50.0,10,10.0,10,10.0,10,10.0,2.23,5.33,30.45,35.0,71.29,0.0,203.0,1.0,0.0, 507.71, 5299.04, 464.64, 5216.46, 11487.85,0,0,0,0,0
Osborn Middle School,Phoenix,85013,0,0,1,0,4,1,498,80,16.06,327,65.66,28,5.62,40,8.03,13,2.61,10,10.0,10,10.0,10.52,8.84,0.0,20.1,100.0,0.0,368.0,30.0,2.0, 2931.63, 7291.31, 422.43, 1011.96, 11657.32,0,0,0,0,0
Palo Verde Middle School,Phoenix,85051,1,1,1,0,3,1,871,115,13.2,564,64.75,20,2.3,94,10.79,26,2.98,52,5.97,0,0.0,8.81,8.84,0.0,20.1,100.0,0.0,292.0,65.0,0.0, 1328.80, 7623.36, 861.16, 1167.64, 10980.97,1,1,1,0,1
Pan-American Charter School,Phoenix,85017,1,1,1,1,4,1,1123,23,2.05,1064,94.75,10,10.0,15,1.34,10,10.0,10,10.0,0,0.0,12.3,10.0,23.54,13.9,96.78,36.0,572.0,0.0,0.0, 0.00, 10009.70, 0.00, 1006.65, 10028.44,0,0,0,0,0
Paradise Honors High School,Surprise,85374,0,0,0,1,5,1,915,46,5.03,192,20.98,10,10.0,589,64.37,46,5.03,31,3.39,10,10.0,22.89,10.0,0.09,17.0,100.0,100.0,22.0,6.0,0.0, 142.29, 7018.07, 396.86, 1705.41, 9262.63,0,0,0,0,0
Paradise Valley High School,Phoenix,85032,0,0,1,1,4,0,1872,67,3.58,800,42.73,10,10.0,741,39.58,60,3.21,171,9.13,10,10.0,22.15,10.0,3.4,15.7,96.27,331.0,507.0,21.0,0.0, 730.61, 7174.39, 182.37, 1593.40, 9680.77,1,1,1,1,1
Paragon Science Academy,Chandler,85226,1,1,1,1,5,1,547,151,27.61,44,8.04,10,10.0,196,35.83,10,10.0,133,24.31,0,0.0,25.63,10.0,0.0,20.0,100.0,62.0,144.0,0.0,0.0, 427.21, 5756.33, 636.69, 2513.22, 9333.44,1,1,1,1,1
Peoria Accelerated High School,Peoria,85345,0,0,0,1,5,1,543,56,10.31,365,67.22,11,2.03,81,14.92,21,3.87,10,10.0,10,10.0,2.57,4.75,18.23,35.0,84.26,0.0,600.0,5.0,1.0, 1207.89, 3761.64, 733.16, 3827.19, 9529.87,0,0,0,0,0
Peoria Flex Academy,Peoria,85381,0,0,1,1,4,0,92,10,10.0,44,47.83,10,10.0,37,40.22,10,10.0,10,10.0,0,0.0,3.93,8.41,6.75,24.5,93.1,0.0,114.0,0.0,0.0, 1356.66, 31931.19, 512.83, 383.25, 34183.92,0,0,0,0,0
Peoria High School,Peoria,85345,0,0,1,1,4,1,1564,155,9.91,861,55.05,10,10.0,398,25.45,57,3.65,53,3.39,10,10.0,14.74,10.0,1.59,19.7,99.58,257.0,626.0,2.0,0.0, 454.69, 6387.56, 145.24, 1186.33, 8173.82,0,0,0,0,0
Perry High School,Gilbert,85297,0,0,1,1,5,0,2805,101,3.6,505,18.0,10,10.0,1843,65.7,114,4.06,217,7.74,10,10.0,27.39,10.0,2.75,17.5,99.11,1124.0,1044.0,21.0,0.0, 188.36, 6961.63, 49.59, 629.77, 7829.35,1,1,1,1,1
Phoenix College Preparatory Academy,Phoenix,85013,0,0,0,1,5,1,244,13,5.33,196,80.33,10,10.0,18,7.38,10,10.0,10,10.0,10,10.0,22.16,10.0,0.77,19.0,99.58,4.0,60.0,0.0,0.0, 0.00, 10009.70, 0.00, 1006.65, 10028.44,0,0,0,0,0
Phoenix Union Bioscience High School,Phoenix,85004,0,0,0,1,5,1,370,18,4.87,256,69.19,0,0.0,48,12.97,14,3.78,34,9.19,0,0.0,30.0,10.0,0.0,20.0,100.0,37.0,10.0,0.0,0.0, 336.22, 10009.70, 89.45, 573.03, 11008.39,1,1,1,1,1
Pinnacle High School,Phoenix,85050,0,0,1,1,5,0,2480,47,1.9,371,14.96,10,10.0,1797,72.46,128,5.16,122,4.92,10,10.0,30.0,10.0,1.38,19.1,99.38,585.0,151.0,18.0,0.0, 631.49, 5906.27, 116.20, 1239.36, 7893.33,1,1,1,1,1
Poston Junior High School,Mesa,85213,0,0,1,0,4,1,881,43,4.88,462,52.44,25,2.84,307,34.85,30,3.4,10,10.0,10,10.0,13.42,8.84,0.0,20.1,100.0,0.0,452.0,55.0,11.0, 0.00, 10009.70, 0.00, 1006.65, 10028.44,0,0,0,0,0
Precision Academy,Phoenix,85035,0,0,0,1,4,0,66,10,10.0,60,90.91,0,0.0,10,10.0,0,0.0,0,0.0,0,0.0,2.93,7.41,17.0,35.0,85.71,0.0,50.0,0.0,0.0, 0.00, 10009.70, 0.00, 1006.65, 10028.44,0,0,0,0,0
Premier Charter High School,Phoenix,85033,0,0,0,1,4,1,153,10,10.0,136,88.89,10,10.0,10,10.0,10,10.0,0,0.0,0,0.0,2.76,7.65,19.3,35.0,96.62,0.0,214.0,22.0,4.0, 0.00, 10009.70, 0.00, 1006.65, 10028.44,0,0,0,0,0
Primavera - Online,Chandler,85225,1,1,1,1,2,0,6381,314,4.92,2783,43.61,263,4.12,2563,40.17,365,5.72,78,1.22,15,0.23,5.27,3.97,16.57,3.1,79.72,0.0,0.0,0.0,0.0, 0.00, 10009.70, 0.00, 1006.65, 10028.44,0,0,0,0,0
Queen Creek High School,Queen Creek,85142,0,0,0,1,5,0,2225,64,2.88,581,26.11,10,10.0,1416,63.64,90,4.04,44,1.98,10,10.0,23.58,10.0,2.22,18.9,99.86,229.0,825.0,28.0,0.0, 205.25, 5508.74, 4.03, 486.54, 6204.56,1,1,1,1,1
Queen Creek Virtual Academy,Queen Creek,85142,1,1,1,1,3,0,257,10,10.0,63,24.51,10,10.0,160,62.26,15,5.84,10,10.0,0,0.0,10.05,8.84,1.75,10.1,99.41,0.0,0.0,0.0,0.0, 0.00, 10009.70, 0.00, 1006.65, 10028.44,1,1,1,1,1
Raymond S. Kellis,Glendale,85305,0,0,1,1,4,1,1818,161,8.86,1055,58.03,10,10.0,425,23.38,69,3.79,78,4.29,10,10.0,16.05,10.0,2.52,18.2,99.07,192.0,630.0,12.0,0.0, 323.92, 5745.43, 246.58, 769.06, 7085.00,0,0,0,0,0
Red Mountain High School,Mesa,85207,0,0,0,1,5,0,3448,123,3.57,883,25.61,50,1.45,2193,63.6,118,3.42,62,1.8,19,0.55,22.24,10.0,1.77,18.4,99.2,1044.0,1423.0,55.0,2.0, 0.00, 10009.70, 0.00, 1006.65, 10028.44,0,0,0,0,0
Rhodes Junior High School,Mesa,85202,0,0,1,1,4,1,677,50,7.39,431,63.66,64,9.45,100,14.77,21,3.1,10,10.0,10,10.0,9.9,8.84,0.0,20.1,100.0,0.0,453.0,93.0,5.0, 0.00, 10009.70, 0.00, 1006.65, 10028.44,1,1,1,1,1
Roadrunner School,Phoenix,85028,1,1,1,1,4,0,239,10,10.0,82,34.31,10,10.0,110,46.02,13,5.44,17,7.11,0,0.0,15.46,8.84,6.82,20.1,97.56,0.0,43.0,8.0,0.0, 22578.88, 158170.43, 2235.76, 4654.69, 187639.76,0,0,0,0,0
Saguaro High School,Scottsdale,85250,0,0,0,1,5,0,1466,101,6.89,339,23.12,64,4.37,861,58.73,48,3.27,10,10.0,10,10.0,23.63,10.0,0.99,19.9,99.3,266.0,342.0,19.0,0.0, 119.45, 5800.70, 15.00, 416.44, 6351.58,0,0,0,0,0
Salt River Accelerated Learning Academy,Scottsdale,85256,0,0,0,1,4,0,74,0,0.0,10,10.0,64,86.49,0,0.0,0,0.0,0,0.0,0,0.0,2.87,4.29,36.97,31.1,79.69,0.0,81.0,0.0,0.0, 0.00, 10009.70, 0.00, 1006.65, 10028.44,1,1,1,1,1
San Tan Charter School,Gilbert,85296,1,1,1,1,4,1,868,29,3.34,230,26.5,10,10.0,528,60.83,48,5.53,23,2.65,10,10.0,19.56,10.0,1.48,19.0,99.88,0.0,428.0,0.0,0.0, 0.00, 10009.70, 0.00, 1006.65, 10028.44,0,0,0,0,0
Sandra Day O'Connor High School,Glendale,85310,0,0,1,1,5,0,2566,63,2.46,351,13.68,10,10.0,1892,73.73,92,3.58,148,5.77,10,10.0,22.99,10.0,0.36,20.0,99.73,508.0,544.0,37.0,0.0, 246.71, 4880.24, 62.71, 293.94, 5483.60,1,1,1,1,1
Santan Junior High School,Chandler,85249,0,0,1,0,4,0,1228,64,5.21,227,18.48,10,10.0,763,62.13,76,6.19,80,6.51,10,10.0,21.8,8.84,0.0,20.1,99.28,0.0,292.0,29.0,0.0, 151.26, 6459.49, 19.24, 320.61, 6950.60,1,1,1,1,1
Scottsdale Online Learning,Scottsdale,85257,1,1,1,1,4,0,224,10,10.0,47,20.98,10,10.0,142,63.39,10,10.0,10,10.0,0,0.0,15.46,8.84,10.88,20.1,94.97,4.0,0.0,0.0,0.0, 15043.60, 20243.53, 4.68, 58.47, 35350.27,0,0,0,0,0
Sequoia Choice School Arizona Distance Learning School,Mesa,85204,1,1,1,1,3,1,3062,125,4.08,597,19.5,109,3.56,2062,67.34,130,4.25,26,0.85,13,0.42,9.71,4.43,16.76,11.4,87.85,0.0,0.0,0.0,0.0, 0.00, 10009.70, 0.00, 1006.65, 10028.44,0,0,0,0,0
Sequoia Secondary School,Mesa,85204,0,0,1,1,3,1,371,20,5.39,275,74.12,12,3.23,51,13.75,10,10.0,0,0.0,10,10.0,6.13,9.16,9.82,14.1,99.45,0.0,272.0,4.0,0.0, 0.00, 10009.70, 0.00, 1006.65, 10028.44,1,1,1,1,1
Shadow Mountain High School,Phoenix,85028,0,0,1,1,4,0,1108,37,3.34,364,32.85,10,10.0,624,56.32,50,4.51,17,1.53,10,10.0,21.61,10.0,2.71,14.5,96.0,323.0,307.0,50.0,1.0, 985.07, 9371.43, 137.90, 1367.53, 11861.92,1,1,1,1,1
Shadow Ridge High School,Surprise,85388,0,0,1,1,5,0,2317,112,4.83,709,30.6,10,10.0,1277,55.11,164,7.08,39,1.68,10,10.0,23.15,10.0,0.45,16.9,99.78,385.0,818.0,16.0,6.0, 467.98, 5947.78, 526.13, 1194.77, 8136.66,1,1,1,1,1
Shea Middle School,Phoenix,85028,0,1,1,0,4,0,511,33,6.46,194,37.97,10,10.0,243,47.55,29,5.67,10,10.0,10,10.0,16.5,8.84,0.0,20.1,99.81,0.0,211.0,47.0,0.0, 1259.34, 9528.95, 123.23, 1454.21, 12365.73,1,1,1,1,1
Shepherd Junior High School,Mesa,85205,0,1,1,0,5,1,604,13,2.15,188,31.13,10,10.0,352,58.28,28,4.64,10,10.0,10,10.0,17.61,8.84,0.0,20.1,99.84,0.0,217.0,40.0,4.0, 0.00, 10009.70, 0.00, 1006.65, 10028.44,1,1,1,1,1
Sierra Linda High School,Tolleson,85353,0,0,0,1,4,1,1976,182,9.21,1650,83.5,18,0.91,71,3.59,26,1.32,17,0.86,12,0.61,9.61,10.0,4.21,14.8,97.05,1245.0,1107.0,52.0,0.0, 859.95, 7672.41, 118.01, 877.73, 9528.10,0,0,0,0,0
Skyline High School,Mesa,85208,0,0,0,1,3,0,2249,99,4.4,1135,50.47,55,2.45,875,38.91,46,2.04,27,1.2,12,0.53,11.67,10.0,5.17,15.7,97.86,489.0,1273.0,39.0,4.0, 0.00, 10009.70, 0.00, 1006.65, 10028.44,0,0,0,0,0
Skyline Prep High School,Phoenix,85042,0,0,0,1,5,1,201,82,40.8,80,39.8,10,10.0,18,8.96,10,10.0,10,10.0,0,0.0,3.28,9.38,1.87,35.0,100.0,0.0,177.0,0.0,0.0, 1961.11, 5037.58, 3935.82, 29.06, 10963.57,1,1,1,1,1
Skyview High School,Buckeye,85326,0,0,0,1,4,1,174,19,10.92,105,60.34,10,10.0,41,23.56,10,10.0,0,0.0,0,0.0,2.08,5.45,26.69,32.7,84.12,0.0,249.0,17.0,1.0, 1888.80, 4929.43, 942.42, 4340.03, 12100.68,0,0,0,0,0
Smith Junior High School,Mesa,85207,0,0,1,0,3,1,841,31,3.69,383,45.54,21,2.5,353,41.97,34,4.04,10,10.0,10,10.0,11.58,8.84,0.0,20.1,100.0,0.0,378.0,45.0,0.0, 0.00, 10009.70, 0.00, 1006.65, 10028.44,0,0,0,0,0
Sonoran Science Academy - Phoenix,Phoenix,85008,1,1,1,1,4,1,380,214,56.32,94,24.74,10,10.0,28,7.37,10,10.0,34,8.95,10,10.0,10.25,10.0,0.73,15.1,100.0,0.0,209.0,0.0,0.0, 1537.13, 549.34, 3281.10, 7664.34, 13031.90,0,0,0,0,0
Sonoran Science Academy-Peoria,Peoria,85382,1,1,1,0,3,1,232,37,15.95,50,21.55,10,10.0,113,48.71,21,9.05,10,10.0,10,10.0,16.03,8.84,0.0,20.1,100.0,0.0,92.0,0.0,0.0, 992.36, 6445.88, 1201.29, 5602.85, 14242.38,1,1,1,1,1
Sonoran Trails Middle School,Phoenix,85085,0,0,1,0,4,0,760,10,10.0,113,14.87,10,10.0,594,78.16,28,3.68,14,1.84,10,10.0,22.22,8.84,0.0,20.1,99.87,0.0,366.0,10.0,9.0, 7273.43, 81628.34, 3095.95, 21473.22, 113470.93,0,0,0,0,0
Sossaman Middle School,Queen Creek,85142,0,0,1,0,5,0,1040,35,3.37,203,19.52,10,10.0,698,67.11,68,6.54,24,2.31,10,10.0,24.3,8.84,0.0,20.1,100.0,0.0,307.0,3.0,0.0, 567.22, 6825.78, 148.36, 1053.02, 8594.38,0,0,0,0,0
South Mountain High School,Phoenix,85040,0,0,0,1,3,1,2145,276,12.87,1743,81.26,18,0.84,62,2.89,34,1.58,10,10.0,10,10.0,8.57,9.13,5.0,15.2,96.85,132.0,942.0,49.0,0.0, 502.67, 8203.03, 94.51, 356.90, 9157.10,1,1,1,1,1
South Pointe High School,Phoenix,85042,0,0,0,1,5,1,555,115,20.72,387,69.73,28,5.04,13,2.34,10,10.0,10,10.0,10,10.0,3.11,5.96,23.54,35.0,98.06,0.0,662.0,0.0,0.0, 1568.29, 3647.03, 1151.30, 3904.90, 10271.53,0,0,0,0,0
South Ridge High School,Phoenix,85043,0,0,0,1,4,1,408,19,4.66,365,89.46,10,10.0,15,3.68,10,10.0,0,0.0,10,10.0,15.35,10.0,4.97,19.9,98.99,48.0,290.0,1.0,1.0, 0.00, 10009.70, 0.00, 1006.65, 10028.44,1,1,1,1,1
Southwest Leadership Academy,Phoenix,85043,0,0,0,1,4,1,196,19,9.69,168,85.71,10,10.0,10,10.0,0,0.0,0,0.0,0,0.0,1.6,5.51,9.5,35.0,96.23,0.0,306.0,8.0,0.0, 0.00, 10009.70, 0.00, 1006.65, 10028.44,0,0,0,0,0
Stapley Junior High School,Mesa,85213,0,0,1,0,5,0,980,10,10.0,212,21.63,87,8.88,646,65.92,15,1.53,10,10.0,10,10.0,21.58,8.84,0.0,20.1,100.0,0.0,284.0,15.0,0.0, 0.00, 10009.70, 0.00, 1006.65, 10028.44,1,1,1,1,1
Sun Valley High School,Mesa,85204,0,0,0,1,4,1,372,28,7.53,243,65.32,16,4.3,68,18.28,14,3.76,10,10.0,10,10.0,2.72,4.21,34.33,35.0,78.42,0.0,624.0,3.0,0.0, 1472.73, 3630.45, 818.41, 3865.25, 9786.84,0,0,0,0,0
Sunflower School,Glendale,85306,1,1,1,1,4,0,24,10,10.0,12,50.0,10,10.0,10,10.0,10,10.0,0,0.0,0,0.0,15.46,8.84,8.33,20.1,86.36,0.0,16.0,0.0,0.0, 0.00, 10009.70, 0.00, 1006.65, 10028.44,0,0,0,0,0
Sunnyslope High School,Phoenix,85021,0,0,0,1,5,1,2281,102,4.47,1239,54.32,42,1.84,787,34.5,79,3.46,10,10.0,10,10.0,24.62,10.0,1.11,20.0,99.54,319.0,776.0,17.0,0.0, 965.47, 7594.58, 334.89, 1336.84, 10231.78,0,0,0,0,0
Sunrise Middle School,Scottsdale,85254,0,0,1,0,4,0,433,19,4.39,160,36.95,10,10.0,200,46.19,26,6.0,18,4.16,10,10.0,19.69,8.84,0.0,20.1,99.53,0.0,145.0,15.0,0.0, 1735.60, 9105.80, 115.19, 1197.64, 12154.22,1,1,1,1,1
Sunrise Mountain High School,Peoria,85382,0,0,1,1,5,0,2018,60,2.97,392,19.43,10,10.0,1401,69.42,91,4.51,62,3.07,10,10.0,22.92,10.0,0.83,20.0,99.85,421.0,540.0,0.0,0.0, 249.11, 5927.79, 270.36, 1023.01, 7470.27,0,0,0,0,0
Sweetwater Community School,Phoenix,85032,1,1,1,1,3,0,188,10,10.0,98,52.13,10,10.0,67,35.64,10,10.0,10,10.0,0,0.0,2.84,6.32,10.05,23.1,82.13,0.0,187.0,8.0,0.0, 5989.32, 11558.50, 150.76, 881.85, 18580.42,1,1,1,1,1
Taylor Junior High School,Mesa,85204,0,0,1,0,4,1,995,46,4.62,603,60.6,25,2.51,284,28.54,21,2.11,10,10.0,10,10.0,12.31,8.84,0.0,20.1,97.16,0.0,491.0,53.0,1.0, 0.00, 10009.70, 0.00, 1006.65, 10028.44,1,1,1,1,1
Tempe High School,Tempe,85281,0,0,0,1,4,1,1582,191,12.07,1131,71.49,58,3.67,110,6.95,43,2.72,17,1.07,32,2.02,15.41,10.0,3.91,17.1,96.79,25.0,942.0,37.0,0.0, 446.34, 8027.95, 204.13, 461.04, 9139.46,0,0,0,0,0
Tempe Preparatory Academy,Tempe,85283,0,0,1,1,5,0,443,10,10.0,122,27.54,10,10.0,237,53.5,39,8.8,31,7.0,10,10.0,27.79,10.0,0.0,20.0,99.3,0.0,11.0,0.0,1.0, 0.00, 10009.70, 0.00, 1006.65, 10028.44,0,0,0,0,0
Thunderbird High School,Phoenix,85023,0,0,0,1,5,1,1540,117,7.6,676,43.9,45,2.92,594,38.57,65,4.22,10,10.0,10,10.0,21.89,10.0,0.63,19.8,99.0,248.0,773.0,15.0,0.0, 1303.50, 8448.00, 293.79, 1102.91, 11148.20,0,0,0,0,0
Tolleson Union High School,Tolleson,85353,0,0,0,1,4,1,2256,214,9.49,1861,82.49,10,10.0,78,3.46,39,1.73,29,1.28,10,10.0,12.82,10.0,2.4,16.6,97.06,1527.0,1171.0,63.0,0.0, 888.07, 8067.77, 115.40, 893.41, 9964.65,0,0,0,0,0
Tonopah Valley High School,Tonopah,85354,0,0,1,1,4,1,864,47,5.44,502,58.1,13,1.5,278,32.18,17,1.97,10,10.0,10,10.0,11.23,10.0,1.57,18.4,99.52,37.0,206.0,0.0,0.0, 0.00, 10009.70, 0.00, 1006.65, 10028.44,0,0,0,0,0
Trevor Browne High School,Phoenix,85033,0,0,0,1,3,1,2921,136,4.66,2653,90.83,26,0.89,68,2.33,16,0.55,10,10.0,10,10.0,9.45,9.83,6.45,14.1,97.36,270.0,1187.0,29.0,3.0, 465.08, 7452.36, 116.27, 133.33, 8167.05,1,1,1,1,1
Valley Preparatory Academy,Tempe,85282,0,0,0,1,4,1,24,10,10.0,10,10.0,0,0.0,13,54.17,0,0.0,0,0.0,0,0.0,15.46,8.84,34.88,20.1,80.0,0.0,26.0,0.0,0.0, 0.00, 10009.70, 0.00, 1006.65, 10028.44,0,0,0,0,0
Valley Vista High School,Surprise,85374,0,0,1,1,5,0,2451,224,9.14,1176,47.98,10,10.0,839,34.23,150,6.12,31,1.26,10,10.0,18.75,10.0,2.36,15.3,99.5,314.0,1149.0,104.0,0.0, 470.76, 5761.27, 526.10, 1265.66, 8023.79,1,1,1,1,1
Verrado High School,Buckeye,85396,0,0,0,1,5,0,1854,108,5.83,863,46.55,10,10.0,755,40.72,76,4.1,36,1.94,10,10.0,18.98,10.0,2.01,17.1,98.84,626.0,500.0,40.0,3.0, 544.92, 7428.51, 81.62, 1011.76, 9066.81,0,0,0,0,0
Vista Grove Preparatory Academy Middle School,Mesa,85213,0,0,1,1,4,1,31,13,41.94,14,45.16,10,10.0,10,10.0,10,10.0,0,0.0,0,0.0,15.46,8.84,0.0,20.1,100.0,0.0,15.0,0.0,0.0, 4529.75, 7122.65, 4086.42, 6917.64, 22656.45,0,0,0,0,0
Vista Peak,Phoenix,85027,1,1,1,1,4,0,52,10,10.0,11,21.15,0,0.0,33,63.46,10,10.0,10,10.0,0,0.0,15.46,8.84,0.0,20.1,100.0,0.0,54.0,2.0,0.0, 0.00, 10009.70, 0.00, 1006.65, 10028.44,1,1,1,1,1
Vista Verde Middle School,Phoenix,85032,0,0,1,0,3,1,545,59,10.83,306,56.15,18,3.3,125,22.94,23,4.22,10,10.0,10,10.0,9.88,8.84,0.0,20.1,100.0,0.0,316.0,48.0,0.0, 1268.09, 7469.24, 135.08, 1238.64, 10111.05,1,1,1,1,1
Washington High School,Phoenix,85021,0,0,0,1,4,1,1758,177,10.07,1160,65.98,63,3.58,196,11.15,10,10.0,110,6.26,10,10.0,15.0,10.0,1.25,20.0,99.15,309.0,899.0,58.0,0.0, 895.71, 7484.26, 235.98, 1163.17, 9779.12,0,0,0,0,0
West Phoenix High School,Phoenix,85019,0,0,0,1,4,1,418,18,4.31,376,89.95,10,10.0,11,2.63,10,10.0,10,10.0,10,10.0,2.97,5.96,21.99,35.0,88.43,0.0,510.0,3.0,0.0, 1659.40, 4374.15, 1311.49, 3820.65, 11165.69,1,1,1,1,1
Western School of Science and Technology,Phoenix,85033,0,0,1,1,4,1,522,10,10.0,509,97.51,10,10.0,10,10.0,0,0.0,0,0.0,0,0.0,7.39,10.0,0.98,19.4,100.0,74.0,326.0,0.0,3.0, 0.00, 10009.70, 0.00, 1006.65, 10028.44,0,0,0,0,0
Westland School,Phoenix,85033,1,1,1,1,4,1,216,25,11.57,131,60.65,10,10.0,32,14.81,17,7.87,0,0.0,10,10.0,9.49,9.51,13.4,17.0,99.07,0.0,92.0,0.0,0.0, 338.07, 8620.50, 1529.86, 595.72, 11084.15,0,0,0,0,0
Westview High School,Avondale,85353,0,0,0,1,4,1,1864,220,11.8,1316,70.6,25,1.34,173,9.28,77,4.13,43,2.31,10,10.0,12.58,10.0,3.56,15.8,95.3,1768.0,1012.0,60.0,0.0, 939.37, 8993.21, 120.51, 910.15, 10963.24,0,0,0,0,0
Westwood High School,Mesa,85201,0,0,0,1,3,0,3571,214,5.99,2048,57.35,401,11.23,754,21.11,86,2.41,31,0.87,37,1.04,12.01,9.01,7.9,17.4,96.96,847.0,2043.0,51.0,1.0, 0.00, 10009.70, 0.00, 1006.65, 10028.44,1,1,1,1,1
Wickenburg High School,Wickenburg,85390,0,0,1,1,3,1,474,11,2.32,199,41.98,10,10.0,249,52.53,10,10.0,10,10.0,0,0.0,21.2,9.45,4.38,19.4,91.77,36.0,234.0,24.0,3.0, 680.24, 5941.45, 428.32, 650.69, 7700.70,0,0,0,0,0
Wickenburg Virtual Academy,Wickenburg,85390,1,1,1,1,4,0,78,10,10.0,30,38.46,0,0.0,45,57.69,10,10.0,0,0.0,0,0.0,15.46,8.84,12.08,20.1,91.6,2.0,0.0,0.0,0.0, 0.00, 10009.70, 0.00, 1006.65, 10028.44,0,0,0,0,0
Williams Field High School,Higley,85236,0,0,1,1,5,0,2115,165,7.8,490,23.17,24,1.14,1179,55.74,147,6.95,99,4.68,11,0.52,25.42,10.0,1.05,18.4,99.39,447.0,724.0,6.0,0.0, 589.04, 6206.66, 131.67, 1282.88, 8210.26,0,0,0,0,0
Willis Junior High School,Chandler,85225,0,0,1,0,4,1,858,48,5.59,495,57.69,10,10.0,228,26.57,34,3.96,33,3.85,10,10.0,16.12,8.84,0.0,20.1,99.89,0.0,478.0,27.0,0.0, 807.22, 7093.56, 141.18, 741.24, 8783.20,1,1,1,1,1
Willow Canyon High School,Surprise,85374,0,0,1,1,5,0,1787,137,7.67,575,32.18,20,1.12,878,49.13,120,6.71,46,2.57,11,0.62,19.96,10.0,0.37,17.8,99.83,459.0,625.0,64.0,0.0, 567.63, 7535.96, 541.30, 1460.76, 10105.66,1,1,1,1,1
Youngker High School,Buckeye,85326,0,0,0,1,5,1,2107,192,9.11,1372,65.12,19,0.9,456,21.64,44,2.09,10,10.0,10,10.0,16.25,10.0,2.68,17.1,99.8,139.0,641.0,46.0,8.0, 263.13, 4703.99, 5.26, 135.97, 5108.35,1,1,1,1,1
